"Label","Address"
"","3PBGU1A8HWjo5hL5DmMQRM59nEu5EoMDfc"
"","18gqm1Qb8ntUFyLsE7ETSAECxKoMkAwLjU"
"","322JSQtYCnP5WY9LWfe8hCCfXhiRE4Wgnp"
"","32NivhzV5x12bDVfRfQKu6TYNrAAKxwgBe"
"","32PEi3jZvEUrSveUcqxLwanEZTEv2xuef2"
"","36Jnkfk89FU5k1MuncreceFGwp1czp8Z1w"
"","36WBnDNecb4dCaLCWao2SB77Fo8vRj7t7Y"
"","36rYuLWuXBRxaA94KqPunAbKW65LTnx8rx"
"","37wcjfTH2qR84hdaLbnWXAYr3QJbogThaP"
"","39g7A2orbWkggdYHfirgb8dGNgefHUEvdC"
"","3AWyLzcdL9Rd9LkBPUAS8L99qb4oWN5w2U"
"","3AantkvYKDX6npUuD3e7K1dTxxrUqbFaJe"
"","3ApDPxd5d44JBTcQHYhQkAaQntS9b9ZvqM"
"","3Bax4L1Dwzog7XkzA2QUy6ZB4LdGcJu1DN"
"","3CWaX6ZoaCw51gFZEtzgfPMbDuVtnD9KKE"
"","3CmoK9EU8FmDRkKV4U3hSrFdccSXfimQjk"
"","3DBx9bdnvCQ2jBTMdzSbdEw832UGBwHqw4"
"","3DWkAGGi97tBtCgVCPUvUVEBgPKnKaFiiG"
"","3DzQRmD263i6C1B2qmMW6SrC8AcYWMMz4N"
"","3EUt3NJP35NrVRKccRANGpq2zMVF8PpgG6"
"","3EhhiSHqTH5GzH5AwQt2w1CBRqQwkHEe8L"
"","3Ew3r6gWYXwZCSfkML7979yX41XxmKtAFR"
"","3GdMCoKH44ASXP3Zd9dMLcM9svYcNBKLzp"
"","3JZsPZq4AHQ7AVSNiVVE7qcNwBzbWi7HW7"
"","3Jp2A7PJjTZgPoNctDs11yxLxMCwa4xYYd"
"","3JtQ8ui8VfKeSJ7LnDfg6xqo2yb96JXpH7"
"","3LMGkTp4jc6oYBSP9QNwHj7PVKc2oxpdnD"
"","3MPcUgYC63hbWa2t6tGKAnvCvg6wKugKk7"
"","3MVvgUs2eQk1vW6iGKTRWC7yUPju1CdoUw"
"","3MbLb6yyWjMuXBcWjbUspa3wF9U9PvqxEd"
"","3Nko2AuxvEzxxU2i2KZboBRFbnpg9PLNxE"
"","3P8yHaRupwWp64xs2APdiJNKGmQwa3RRTc"
"","3Pde2HnW9rYSSa5fV2wz1PHnvuMMLvoGf5"
"","3QP7CifThudG1Ugez1geuQDNiKy94HjKvC"
"","3QmyYb4kd6mr5P2pAv35g8dRq25ZgZ3gnh"
"","3QwUTyNPB3GzLcdij55MMaEZBPcLha2sLk"
"","3MZQ2xh4kE6DCrYkmwKwjA3hBc9gZo5Tk5"
"","3Qc2QZwLp9P7PUD2e4E9jYAKbEXyVwbVrp"
"","32UPznBdb69pLFQLss6iCSTCGx9VsW67B8"
"","33FS2kpR9GdxTiHggGZ649F6Go6YGNiaPj"
"","3FMB9uLGv6buQpBETLzjfJYjBUgQmSsMAY"
"","3KDj33khuYrEAbn1ShmHWoLMWPyLXvza6U"
"","361ztdMHCfdZh4By2R3SHqafYPvdmdLqxr"
"","3EKKSR1GhPooqNTHyxt67dqujPm7CeywhH"
"","3633fxnwqZKX5qadwnWG8hjx67jWfRGyxn"
"","3AWn66XsdWEMWdqQmPrGUE3fH3vQ7FcUYH"
"","36JdR89dkojHQegxYCbS8m7jGqqxJf1jq4"
"","3HLMiLHkYM4JLKCazsHHDRy4YFrG5GW7Xg"
"","3P916VX4UQJrqFtxViLhsHbRJmn9ACpwBN"
"","3DNt6GMSf9NK3ALdTghHDwBM738HeKypFt"
"","3QjPFfad6TwE2WnXxk1XwscLQxvCKzqKCG"
"","3Km6dmHvR5pUsKaoP13h1Et6es1myukaL9"
"","3CbeAfjqjx2TeKxjQMUsRruVjXWR3TLXJa"
"","3AA2JGpHKbMD94bdgiKfUnavCjf42NXAYo"
"","3Dkev8gkHU2hveoj14mAP1NGV8FTwRXeGG"
"","35aDH9vipoYsLCyCyRmBgzQhAmkPX6GxNU"
"","36Tgo4GeYAJ2avWqRJBEQKwRhNJRHSmH3s"
"","33gK3G9kLPPmntYKcSRvuhT2xJgVZW7w6u"
"","36umKSaQHN3THQFAwGFazKGDJ3WEeydBer"
"","3JsZNjtsvf8jPYTThWfN76nuEbTzwgYsCs"
"","3D4VzgconTDJBkvK6pYYV4y7GowV2NNCtU"
"","37rU1KzK1FkJXx9BLsRsAP7zwVHQ9bp4sq"
"","3CtwFhbevhGYmahbUHXhjzLguX3Ysub6JL"
"","39NdD9u6hywgfQ5UB4dYojs6KwPCzHbEK3"
"","3CtHq7RWiZPzfob4GFk98NNqreDkx8noUJ"
"","34YCdfpRjDV6AE8ENT8WT9frCMb8fMqZ5H"
"","3QsFY1yJmLWme2SzXxcWQ5rWTbZ8MqpstQ"
"","39Kxqt68A9nHbkFa4H6GPXoL1CdAndZ7wd"
"","37P1WTY4YGknKn9GQvm1E95yjhA2PFRJL5"
"","3QpVeTAFBMHqeyjox1r4fMkNsSnwiqCxKK"
"","3B8WoTLTCLD86mhsTKthZAgXjG79777aiu"
"","3NYAAq6Mu8ubxB71GxZX3qGnGWAptFH2Na"
"","3C4kq8XE9EcuYkcPHXRYW6Mo5yYEgJS8K2"
"","3QxRr6h77JGhLtSeBLESS47E73cn7Fh8bL"
"","3HXg452Qy5WecYjDJ44NiGwHXVWZ4z7fJi"
"","3FdSGYZiD4T9XT6TfF8UAAaGxzaERzdX6q"
"","3GtWPDMtgTzQfiNYcVsWN4sQd3qvCW5zPx"
"","3Nusnc4MFBznHcm2KXXSqKxfiuMZbUUhph"
"","3JPXvS1Vi7xmqvEEsiZJUfXrfsAjgp4JJ5"
"","32zwMVoPxwTBDAhTAeKqu7iMEiSHj7f7A8"
"","3B9kYhNbR8UZpBMqifCf8Hv7n1vogXGkvd"
"","3DcACznVJFEtPc1NwyDQvQKehwVYRwwhW4"
"","3KnW9tydtdRvXVC2tMnQEqtMeWKL6yKQma"
"","3QyvFpjUwW2hby2Ft1GG2834Um2EvZfcHE"
"","3Mq1txQ4BHd5oUqwgY4JfqpWzm5jNeswTZ"
"","3J5tsqw47KkY9jUgeHucaDLybcbMSEKYif"
"","3Jsr7szhZZd1gZNdKucBnySh3FTLi7UAhH"
"","3NE88SfNHhfERw7cV5Sb5BaevspHqCGVeA"
"","381aAZxfiR21EPn1fNhmVGja1cRfDFuf9x"
"","3EF5E5jxb4XMfCMfcHvFFPzAgeN5SpLYL2"
"","3B7oqaVr93ov7HqhQsFm2NVW8BS9HCQdxk"
"","3FxbYzERjVxdkoMpjQF2VQV9cUaNhT3kLx"
"","37VadCdALHZuuqDPexpi4YKJ1GjZGDeXsH"
"","3QFKRRNzy2BAyZXXvidhSeLLk2MN1rNCNG"
"","33R5MjGcayi5hxKDjasNJukV4aZhaptRqw"
"","34o5LcxQKKLbuPyjH38Bb1bK5ip6aZMEEY"
"","32TiFWZQNuQVPKcfNtP5q8sR2bUTPrHj8N"
"","3LPGXzZuaU41UrxPXT2wxwvcDqvdcK1YaU"
"","3EKvumd8wTCN2VVmwmJ4tS6iKrhEbrWMQb"
"","3GxhPZ3E53e3qidwxYzRrbhzjpdWgvb4MU"
"","362PE5ydpC58dh1A1sT4DDeQSjPwjNAghH"
"","3K33GLHfGtkmwddA3bw5FqaM6vVkS77neJ"
"","3D2R2DLCA2G3JUciHk3Cff2YjyZCkbPkBW"
"","3J9YymS9bFAFdpmo1DvLic7GbC1hy8j7Ah"
"","3CVcuzauQVm317NacqgQjWAs79J2GkMn4s"
"","362G6PZekomgK451BDRWiqZ32Bg5uAjAGT"
"","3CBbuvGDHhe1v3FCk6zVDHivQw2fHWCFCC"
"","3DQnh8MDwRQPNYkVzRVRKH1UNLvy7if1A7"
"","3HE8HoP4JDcFPQzV1zqJDQ3oWfEzXuGFPw"
"","3HB64xvnmkoRjXTsgYsZ5q2KoyDvQ2xVT6"
"","3CyYGNs4fVyCvCrvCdyVkQE1qxoPmexHRF"
"","3G21E83jcjDe7Z63xnsEA9Tt99w5KtXFJQ"
"","3ES1WDk2QLH2AUAyCz3wtac6ZpWa1wv2a8"
"","3EvBXUtYep4FpN1rePhYcGCa3efTEQjbXu"
"","3QzWXRuT4JV3jrAiFFr16rXtxedcAz5tyJ"
"","3H9MQYZwvzfFsgi6ePCaNeSD6iFRcm5uDj"
"","3JWyc1V2WafooLkf3Sn5c1HZTqX9RSBrEd"
"","3KYmMaDSMkTCBrKzKDsdXfYPVrujcDgJ8t"
"","36ZmRo6gjFee1k5WS2LiKhjRER3Y8SRKGc"
"","3KbS7XbHMJE7Sou5DqqT7Ju4zD8tfrRVkj"
"","3QWpdguaJqMcEsm6aL5MY53FAYiYDMc9p2"
"","35KASd1fGGkrZFqj7iac9vYLFxQ7jST6Kq"
"","3FxMw3Z1mvczjv5tTKUPkK32mvKRTqw7ae"
"","36VgybHniEFHGYEE6HnED59R7NL1Ny7ng6"
"","3MAnc9vqHJh1kLq6uiUhV331YtkEduU982"
"","3PikbFVUXFLdXmMfY5stbnjWcQDhzLo7sB"
"","3AkoXXU3TVABXacXJRvbPPzHRPXENSZDgR"
"","35wgpwNaiY7ipG1NRPKLEehoEzKg1VFn68"
"","3NbRGcSWYFVWNZvtArqLKr1dP2y1KgPeCX"
"","3A3x8L3EeKAqSFCgHSDVhyTxW9QN3gW8uj"
"","31oEmcLLUtvttAZdMTcxRQkJfo3u5y2htj"
"","3MiRJEAmH6nZjqxtEZgvNyecx3bhp9Ufz9"
"","35Xu6jzDP5Xda6gcZTGuDt4pug2b6PynQP"
"","3B53HP2nw1BQtUiAUqB6qnCvEERFqiXmT6"
"","34hGbnAp1d8x34zhnzPxnvN5zHrL4sSvTk"
"","33xFi1wit6sW3FumKoqgRwDfdNDzAHd4VF"
"","3Gofmk75QkDGqzkPebkiBjEuWz31L72Enu"
"","39vBvppqXo34t3akT75MYxbqVwq7oG2W9b"
"","33zFGkuoVbEh6ve3QZ6vDAracQKNSygyEf"
"","3DkbyKfD2deKbobnkLLucdsjsWhfNtdoEL"
"","3CcqRwYdukN9BuwcgvnFAMSh1jmvA89E9N"
"","3Bsn9XBJWPpjCTaQw2qcbdhaYZGHPc3V5J"
"","351G4wkStK1pHzgUyXJBqbKBomUbwfNDqi"
"","3NcfyiYy6XgWVXjTAuE7kF65oeKhVPby3W"
"Chrysta","1BuJxnpRwCiz1jzqsHb3q6kceCrs4nJowm"
"Krista Dongo","12ou5a4bKpqxdpaMNx1TspjHfBj2cXMaN6"
"Nikolaj","1KoneymZetpFS82XRZPCkCt9gBLehJxM33"
"Reach The Limit, what is the limit? to achieve unlimited.","3LWYEeYVGnXyBmMPGNpnu9zEETWr9EFWnu"
"Simulation","1GpmThranwmJS2KU7FbJ4u2woiQoUiVbPL"
